S.No.;Kullanim Amaci;Stok No.;"Malzemenin 
Ad?";Malzeme De?i?im Periyodu;"Ana 
Malzemesi";Ana Malzeme Miktar?-y;Araç Ba??na Kullan?m Miktar?-z;Yil Ici Istek Yapma Sayisi-k;"t y?l? ?stek Miktar?-04 istegi
c=b-a";t y?l? ?stek Miktar?-05 istegi-d;t y?l? ?stek Miktar?-06 istegi-e;"t+1 y?l? ?stek Miktar?-04 istegi
i";t+1 y?l? ?stek Miktar?-05 istegi-j;t+1 y?l? ?stek Miktar?-06 istegi-l;"Brl.
?htiyaç Miktar?
a=y*z";Depo Mevcudu-b;"Son ihtiyaç Miktar?
c=(b-a)+(b-?)+(e-j)+l";Birim Fiyati;Kaynak Ihtiyac Miktari
1; PERBAK/FASBAT/YEN?LE?T?RME MALZEMELER?;2815-01-295-7458 - 2815012957458;;1;ENGINE, DIESEL;125;4;1;480;500;500;;;;500;20;;;
2; PERBAK/FASBAT/YEN?LE?T?RME MALZEMELER?;2815-01-111-2262 - 2815011112262;;0,5;ENGINE, DIESEL;125;3;2;746;750;750;;;;750;4;;;
3; PERBAK/FASBAT/YEN?LE?T?RME MALZEMELER?;2815-01-461-7078 - 2815014617078;;2;ENGINE, DIESEL;125;2;0;-38;0;0;;;;0;38;;;
4; PERBAK/FASBAT/YEN?LE?T?RME MALZEMELER?;2815-00-134-4666 - 2815001344666;;0,5;ENGINE, DIESEL;125;1;2;250;250;250;;;;250;0;;;
5; PERBAK/FASBAT/YEN?LE?T?RME MALZEMELER?;2815-01-432-1336 - 2815014321336;;2;ENGINE, DIESEL;125;1;0;-60;0;0;;;;0;60;;;
6; PERBAK/FASBAT/YEN?LE?T?RME MALZEMELER?;2815-01-161-7697 - 2815011617697;;1;ENGINE, DIESEL;125;4;1;445;500;500;;;;500;55;;;
7; PERBAK/FASBAT/YEN?LE?T?RME MALZEMELER?;2815-01-319-1433 - 2815013191433;;;ENGINE, DIESEL;125;;;;;;;;;;;;;
8; PERBAK/FASBAT/YEN?LE?T?RME MALZEMELER?;2815-01-128-9544 - 2815011289544;;;ENGINE, DIESEL;125;;;;;;;;;;;;;
9; PERBAK/FASBAT/YEN?LE?T?RME MALZEMELER?;2815-01-149-1353 - 2815011491353;;;ENGINE, DIESEL;125;;;;;;;;;;;;;
10; PERBAK/FASBAT/YEN?LE?T?RME MALZEMELER?;2815-01-168-7892 - 2815011687892;;;ENGINE, DIESEL;125;;;;;;;;;;;;;
11; PERBAK/FASBAT/YEN?LE?T?RME MALZEMELER?;2815-00-410-1205 - 2815004101205;;;ENGINE, DIESEL;125;;;;;;;;;;;;;
12; PERBAK/FASBAT/YEN?LE?T?RME MALZEMELER?;2815-00-103-2641 - 2815001032641;;;ENGINE, DIESEL;125;;;;;;;;;;;;;
13; PERBAK/FASBAT/YEN?LE?T?RME MALZEMELER?;2815-01-374-7539 - 2815013747539;;;ENGINE, DIESEL;125;;;;;;;;;;;;;
14; PERBAK/FASBAT/YEN?LE?T?RME MALZEMELER?;2815-01-452-6354 - 2815014526354;;;ENGINE, DIESEL;125;;;;;;;;;;;;;
15; PERBAK/FASBAT/YEN?LE?T?RME MALZEMELER?;2815-01-462-3596 - 2815014623596;;;ENGINE, DIESEL;125;;;;;;;;;;;;;
16; PERBAK/FASBAT/YEN?LE?T?RME MALZEMELER?;2815-01-412-9289 - 2815014129289;;;ENGINE, DIESEL;125;;;;;;;;;;;;;
17; PERBAK/FASBAT/YEN?LE?T?RME MALZEMELER?;2815-01-443-1309 - 2815014431309;;;ENGINE, DIESEL;125;;;;;;;;;;;;;
18; PERBAK/FASBAT/YEN?LE?T?RME MALZEMELER?;2815-01-335-7448 - 2815013357448;;;ENGINE, DIESEL;125;;;;;;;;;;;;;
19; PERBAK/FASBAT/YEN?LE?T?RME MALZEMELER?;2815-01-354-2911 - 2815013542911;;;ENGINE, DIESEL;125;;;;;;;;;;;;;
20; PERBAK/FASBAT/YEN?LE?T?RME MALZEMELER?;2815-00-054-0244 - 2815000540244;;;ENGINE, DIESEL;125;;;;;;;;;;;;;
21; PERBAK/FASBAT/YEN?LE?T?RME MALZEMELER?;2815-01-074-4963 - 2815010744963;;;ENGINE, DIESEL;125;;;;;;;;;;;;;
22; PERBAK/FASBAT/YEN?LE?T?RME MALZEMELER?;2815-01-566-6557 - 2815015666557;;;ENGINE, DIESEL;125;;;;;;;;;;;;;
23; PERBAK/FASBAT/YEN?LE?T?RME MALZEMELER?;2815-01-613-5823 - 2815016135823;;;ENGINE, DIESEL;125;;;;;;;;;;;;;
24; PERBAK/FASBAT/YEN?LE?T?RME MALZEMELER?;2815-01-132-1417 - 2815011321417;;;ENGINE, DIESEL;125;;;;;;;;;;;;;
25; PERBAK/FASBAT/YEN?LE?T?RME MALZEMELER?;2815-00-850-5109 - 2815008505109;;;ENGINE, DIESEL;125;;;;;;;;;;;;;
26; PERBAK/FASBAT/YEN?LE?T?RME MALZEMELER?;2815-00-071-2314 - 2815000712314;;;ENGINE, DIESEL;125;;;;;;;;;;;;;
27; PERBAK/FASBAT/YEN?LE?T?RME MALZEMELER?;2815-00-225-4786 - 2815002254786;;;ENGINE, DIESEL;125;;;;;;;;;;;;;
28; PERBAK/FASBAT/YEN?LE?T?RME MALZEMELER?;2815-00-360-7776 - 2815003607776;;;ENGINE, DIESEL;125;;;;;;;;;;;;;
29; PERBAK/FASBAT/YEN?LE?T?RME MALZEMELER?;2815-01-341-5954 - 2815013415954;;;ENGINE, DIESEL;125;;;;;;;;;;;;;
30; PERBAK/FASBAT/YEN?LE?T?RME MALZEMELER?;2815-00-465-9184 - 2815004659184;;;ENGINE, DIESEL;125;;;;;;;;;;;;;
31; PERBAK/FASBAT/YEN?LE?T?RME MALZEMELER?;2815-01-186-7251 - 2815011867251;;;ENGINE, DIESEL;125;;;;;;;;;;;;;
32; PERBAK/FASBAT/YEN?LE?T?RME MALZEMELER?;2815-01-194-5730 - 2815011945730;;;ENGINE, DIESEL;125;;;;;;;;;;;;;
33; PERBAK/FASBAT/YEN?LE?T?RME MALZEMELER?;2815-01-453-7403 - 2815014537403;;;ENGINE, DIESEL;125;;;;;;;;;;;;;
34; PERBAK/FASBAT/YEN?LE?T?RME MALZEMELER?;2815-01-166-2074 - 2815011662074;;;ENGINE, DIESEL;125;;;;;;;;;;;;;
35; PERBAK/FASBAT/YEN?LE?T?RME MALZEMELER?;2815-01-439-5882 - 2815014395882;;;ENGINE, DIESEL;125;;;;;;;;;;;;;
36; PERBAK/FASBAT/YEN?LE?T?RME MALZEMELER?;2815-01-414-6821 - 2815014146821;;;ENGINE, DIESEL;125;;;;;;;;;;;;;
37; PERBAK/FASBAT/YEN?LE?T?RME MALZEMELER?;2815-01-350-2206 - 2815013502206;;;ENGINE, DIESEL;125;;;;;;;;;;;;;
38; PERBAK/FASBAT/YEN?LE?T?RME MALZEMELER?;2815-01-245-3162 - 2815012453162;;;ENGINE, DIESEL;125;;;;;;;;;;;;;
39; PERBAK/FASBAT/YEN?LE?T?RME MALZEMELER?;2815-01-412-2715 - 2815014122715;;;ENGINE, DIESEL;125;;;;;;;;;;;;;
40; PERBAK/FASBAT/YEN?LE?T?RME MALZEMELER?;2815-01-419-8704 - 2815014198704;;;ENGINE, DIESEL;125;;;;;;;;;;;;;
41; PERBAK/FASBAT/YEN?LE?T?RME MALZEMELER?;2815-01-419-0222 - 2815014190222;;;ENGINE, DIESEL;125;;;;;;;;;;;;;
42; PERBAK/FASBAT/YEN?LE?T?RME MALZEMELER?;2815-01-505-1477 - 2815015051477;;;ENGINE, DIESEL;125;;;;;;;;;;;;;
43; PERBAK/FASBAT/YEN?LE?T?RME MALZEMELER?;2815-01-506-6226 - 2815015066226;;;ENGINE, DIESEL;125;;;;;;;;;;;;;
44; PERBAK/FASBAT/YEN?LE?T?RME MALZEMELER?;2815-01-507-9509 - 2815015079509;;;ENGINE, DIESEL;125;;;;;;;;;;;;;
45; PERBAK/FASBAT/YEN?LE?T?RME MALZEMELER?;2815-01-526-5313 - 2815015265313;;;ENGINE, DIESEL;125;;;;;;;;;;;;;
46; PERBAK/FASBAT/YEN?LE?T?RME MALZEMELER?;2815-01-465-5993 - 2815014655993;;;ENGINE, DIESEL;125;;;;;;;;;;;;;
47; PERBAK/FASBAT/YEN?LE?T?RME MALZEMELER?;2815-01-484-7380 - 2815014847380;;;ENGINE, DIESEL;125;;;;;;;;;;;;;
48; PERBAK/FASBAT/YEN?LE?T?RME MALZEMELER?;2815-01-239-1775 - 2815012391775;;;ENGINE, DIESEL;125;;;;;;;;;;;;;
49; PERBAK/FASBAT/YEN?LE?T?RME MALZEMELER?;2815-01-045-9420 - 2815010459420;;;ENGINE, DIESEL;125;;;;;;;;;;;;;
50; PERBAK/FASBAT/YEN?LE?T?RME MALZEMELER?;2815-01-251-9138 - 2815012519138;;;ENGINE, DIESEL;125;;;;;;;;;;;;;
51; PERBAK/FASBAT/YEN?LE?T?RME MALZEMELER?;2815-01-211-1812 - 2815012111812;;;ENGINE, DIESEL;125;;;;;;;;;;;;;
52; PERBAK/FASBAT/YEN?LE?T?RME MALZEMELER?;2815-01-280-2961 - 2815012802961;;;ENGINE, DIESEL;125;;;;;;;;;;;;;
53; PERBAK/FASBAT/YEN?LE?T?RME MALZEMELER?;2815-00-472-9549 - 2815004729549;;;ENGINE, DIESEL;125;;;;;;;;;;;;;
54; PERBAK/FASBAT/YEN?LE?T?RME MALZEMELER?;2815-00-491-6356 - 2815004916356;;;ENGINE, DIESEL;125;;;;;;;;;;;;;
55; PERBAK/FASBAT/YEN?LE?T?RME MALZEMELER?;2815-00-603-1330 - 2815006031330;;;ENGINE, DIESEL;125;;;;;;;;;;;;;
56; PERBAK/FASBAT/YEN?LE?T?RME MALZEMELER?;2815-00-066-0199 - 2815000660199;;;ENGINE, DIESEL;125;;;;;;;;;;;;;
57; PERBAK/FASBAT/YEN?LE?T?RME MALZEMELER?;2815-00-116-2953 - 2815001162953;;;ENGINE, DIESEL;125;;;;;;;;;;;;;
58; PERBAK/FASBAT/YEN?LE?T?RME MALZEMELER?;2815-00-106-1681 - 2815001061681;;;ENGINE, DIESEL;125;;;;;;;;;;;;;
59; PERBAK/FASBAT/YEN?LE?T?RME MALZEMELER?;2815-00-010-0217 - 2815000100217;;;ENGINE, DIESEL;125;;;;;;;;;;;;;
60; PERBAK/FASBAT/YEN?LE?T?RME MALZEMELER?;2815-00-045-6865 - 2815000456865;;;ENGINE, DIESEL;125;;;;;;;;;;;;;
61; PERBAK/FASBAT/YEN?LE?T?RME MALZEMELER?;2815-00-071-7904 - 2815000717904;;;ENGINE, DIESEL;125;;;;;;;;;;;;;
62; PERBAK/FASBAT/YEN?LE?T?RME MALZEMELER?;2815-00-124-5386 - 2815001245386;;;ENGINE, DIESEL;125;;;;;;;;;;;;;
63; PERBAK/FASBAT/YEN?LE?T?RME MALZEMELER?;2815-00-465-1049 - 2815004651049;;;ENGINE, DIESEL;125;;;;;;;;;;;;;
64; PERBAK/FASBAT/YEN?LE?T?RME MALZEMELER?;2815-00-938-0586 - 2815009380586;;;ENGINE, DIESEL;125;;;;;;;;;;;;;
65; PERBAK/FASBAT/YEN?LE?T?RME MALZEMELER?;2815-00-999-5355 - 2815009995355;;;ENGINE, DIESEL;125;;;;;;;;;;;;;
66; PERBAK/FASBAT/YEN?LE?T?RME MALZEMELER?;2815-01-014-3217 - 2815010143217;;;ENGINE, DIESEL;125;;;;;;;;;;;;;
67; PERBAK/FASBAT/YEN?LE?T?RME MALZEMELER?;2815-01-046-5861 - 2815010465861;;;ENGINE, DIESEL;125;;;;;;;;;;;;;
68; PERBAK/FASBAT/YEN?LE?T?RME MALZEMELER?;2815-00-189-4851 - 2815001894851;;;ENGINE, DIESEL;125;;;;;;;;;;;;;
69; PERBAK/FASBAT/YEN?LE?T?RME MALZEMELER?;2815-00-961-1686 - 2815009611686;;;ENGINE, DIESEL;125;;;;;;;;;;;;;
70; PERBAK/FASBAT/YEN?LE?T?RME MALZEMELER?;2815-00-892-5078 - 2815008925078;;;ENGINE, DIESEL;125;;;;;;;;;;;;;
71; PERBAK/FASBAT/YEN?LE?T?RME MALZEMELER?;2815-01-150-5002 - 2815011505002;;;ENGINE, DIESEL;125;;;;;;;;;;;;;
72; PERBAK/FASBAT/YEN?LE?T?RME MALZEMELER?;2815-01-032-0976 - 2815010320976;;;ENGINE, DIESEL;125;;;;;;;;;;;;;
73; PERBAK/FASBAT/YEN?LE?T?RME MALZEMELER?;2815-01-041-8103 - 2815010418103;;;ENGINE, DIESEL;125;;;;;;;;;;;;;
74; PERBAK/FASBAT/YEN?LE?T?RME MALZEMELER?;2815-01-101-3055 - 2815011013055;;;ENGINE, DIESEL;125;;;;;;;;;;;;;
75; PERBAK/FASBAT/YEN?LE?T?RME MALZEMELER?;2815-01-671-4607 - 2815016714607;;;ENGINE, DIESEL;125;;;;;;;;;;;;;
76; PERBAK/FASBAT/YEN?LE?T?RME MALZEMELER?;2815-01-523-6667 - 2815015236667;;;ENGINE, DIESEL;125;;;;;;;;;;;;;
77; PERBAK/FASBAT/YEN?LE?T?RME MALZEMELER?;2815-01-524-2133 - 2815015242133;;;ENGINE, DIESEL;125;;;;;;;;;;;;;
78; PERBAK/FASBAT/YEN?LE?T?RME MALZEMELER?;2815-01-559-1689 - 2815015591689;;;ENGINE, DIESEL;125;;;;;;;;;;;;;
79; PERBAK/FASBAT/YEN?LE?T?RME MALZEMELER?;2815-01-577-0448 - 2815015770448;;;ENGINE, DIESEL;125;;;;;;;;;;;;;
80; PERBAK/FASBAT/YEN?LE?T?RME MALZEMELER?;2815-01-577-1838 - 2815015771838;;;ENGINE, DIESEL;125;;;;;;;;;;;;;
81; PERBAK/FASBAT/YEN?LE?T?RME MALZEMELER?;2815-01-517-1809 - 2815015171809;;;ENGINE, DIESEL;125;;;;;;;;;;;;;
82; PERBAK/FASBAT/YEN?LE?T?RME MALZEMELER?;2815-01-539-8274 - 2815015398274;;;ENGINE, DIESEL;125;;;;;;;;;;;;;
83; PERBAK/FASBAT/YEN?LE?T?RME MALZEMELER?;2815-01-545-6000 - 2815015456000;;;ENGINE, DIESEL;125;;;;;;;;;;;;;
84; PERBAK/FASBAT/YEN?LE?T?RME MALZEMELER?;2815-01-555-5436 - 2815015555436;;;ENGINE, DIESEL;125;;;;;;;;;;;;;
85; PERBAK/FASBAT/YEN?LE?T?RME MALZEMELER?;2815-01-562-6787 - 2815015626787;;;ENGINE, DIESEL;125;;;;;;;;;;;;;
86; PERBAK/FASBAT/YEN?LE?T?RME MALZEMELER?;2815-01-564-1322 - 2815015641322;;;ENGINE, DIESEL;125;;;;;;;;;;;;;
87; PERBAK/FASBAT/YEN?LE?T?RME MALZEMELER?;2815-01-565-0912 - 2815015650912;;;ENGINE, DIESEL;125;;;;;;;;;;;;;
88; PERBAK/FASBAT/YEN?LE?T?RME MALZEMELER?;2815-01-574-9455 - 2815015749455;;;ENGINE, DIESEL;125;;;;;;;;;;;;;
89; PERBAK/FASBAT/YEN?LE?T?RME MALZEMELER?;2815-01-576-2885 - 2815015762885;;;ENGINE, DIESEL;125;;;;;;;;;;;;;
90; PERBAK/FASBAT/YEN?LE?T?RME MALZEMELER?;2815-01-576-8627 - 2815015768627;;;ENGINE, DIESEL;125;;;;;;;;;;;;;
91; PERBAK/FASBAT/YEN?LE?T?RME MALZEMELER?;2815-01-592-9197 - 2815015929197;;;ENGINE, DIESEL;125;;;;;;;;;;;;;
92; PERBAK/FASBAT/YEN?LE?T?RME MALZEMELER?;2815-01-596-7562 - 2815015967562;;;ENGINE, DIESEL;125;;;;;;;;;;;;;
93; PERBAK/FASBAT/YEN?LE?T?RME MALZEMELER?;2815-01-599-9796 - 2815015999796;;;ENGINE, DIESEL;125;;;;;;;;;;;;;
94; PERBAK/FASBAT/YEN?LE?T?RME MALZEMELER?;2815-01-610-1200 - 2815016101200;;;ENGINE, DIESEL;125;;;;;;;;;;;;;
95; PERBAK/FASBAT/YEN?LE?T?RME MALZEMELER?;2815-01-453-7402 - 2815014537402;;;ENGINE, DIESEL;125;;;;;;;;;;;;;
96; PERBAK/FASBAT/YEN?LE?T?RME MALZEMELER?;2815-01-610-9750 - 2815016109750;;;ENGINE, DIESEL;125;;;;;;;;;;;;;
97; PERBAK/FASBAT/YEN?LE?T?RME MALZEMELER?;2815-01-611-2566 - 2815016112566;;;ENGINE, DIESEL;125;;;;;;;;;;;;;
98; PERBAK/FASBAT/YEN?LE?T?RME MALZEMELER?;2815-01-611-4020 - 2815016114020;;;ENGINE, DIESEL;125;;;;;;;;;;;;;
99; PERBAK/FASBAT/YEN?LE?T?RME MALZEMELER?;2815-01-612-9781 - 2815016129781;;;ENGINE, DIESEL;125;;;;;;;;;;;;;
100; PERBAK/FASBAT/YEN?LE?T?RME MALZEMELER?;2815-01-613-0559 - 2815016130559;;;ENGINE, DIESEL;125;;;;;;;;;;;;;
101; PERBAK/FASBAT/YEN?LE?T?RME MALZEMELER?;2815-01-613-1228 - 2815016131228;;;ENGINE, DIESEL;125;;;;;;;;;;;;;
102; PERBAK/FASBAT/YEN?LE?T?RME MALZEMELER?;2815-01-613-1384 - 2815016131384;;;ENGINE, DIESEL;125;;;;;;;;;;;;;
103; PERBAK/FASBAT/YEN?LE?T?RME MALZEMELER?;2815-01-600-2146 - 2815016002146;;;ENGINE, DIESEL;125;;;;;;;;;;;;;
104; PERBAK/FASBAT/YEN?LE?T?RME MALZEMELER?;2815-01-600-4680 - 2815016004680;;;ENGINE, DIESEL;125;;;;;;;;;;;;;
105; PERBAK/FASBAT/YEN?LE?T?RME MALZEMELER?;2815-01-601-2570 - 2815016012570;;;ENGINE, DIESEL;125;;;;;;;;;;;;;
106; PERBAK/FASBAT/YEN?LE?T?RME MALZEMELER?;2815-01-601-6296 - 2815016016296;;;ENGINE, DIESEL;125;;;;;;;;;;;;;
107; PERBAK/FASBAT/YEN?LE?T?RME MALZEMELER?;2815-01-601-6892 - 2815016016892;;;ENGINE, DIESEL;125;;;;;;;;;;;;;
108; PERBAK/FASBAT/YEN?LE?T?RME MALZEMELER?;2815-01-601-8659 - 2815016018659;;;ENGINE, DIESEL;125;;;;;;;;;;;;;
109; PERBAK/FASBAT/YEN?LE?T?RME MALZEMELER?;2815-01-602-4112 - 2815016024112;;;ENGINE, DIESEL;125;;;;;;;;;;;;;
110; PERBAK/FASBAT/YEN?LE?T?RME MALZEMELER?;2815-01-602-9425 - 2815016029425;;;ENGINE, DIESEL;125;;;;;;;;;;;;;
111; PERBAK/FASBAT/YEN?LE?T?RME MALZEMELER?;2815-01-602-9585 - 2815016029585;;;ENGINE, DIESEL;125;;;;;;;;;;;;;
112; PERBAK/FASBAT/YEN?LE?T?RME MALZEMELER?;2815-01-603-2052 - 2815016032052;;;ENGINE, DIESEL;125;;;;;;;;;;;;;
113; PERBAK/FASBAT/YEN?LE?T?RME MALZEMELER?;2815-01-603-6220 - 2815016036220;;;ENGINE, DIESEL;125;;;;;;;;;;;;;
114; PERBAK/FASBAT/YEN?LE?T?RME MALZEMELER?;2815-01-604-0676 - 2815016040676;;;ENGINE, DIESEL;125;;;;;;;;;;;;;
115; PERBAK/FASBAT/YEN?LE?T?RME MALZEMELER?;2815-01-605-4181 - 2815016054181;;;ENGINE, DIESEL;125;;;;;;;;;;;;;
116; PERBAK/FASBAT/YEN?LE?T?RME MALZEMELER?;2815-01-606-3623 - 2815016063623;;;ENGINE, DIESEL;125;;;;;;;;;;;;;
117; PERBAK/FASBAT/YEN?LE?T?RME MALZEMELER?;2815-01-606-9885 - 2815016069885;;;ENGINE, DIESEL;125;;;;;;;;;;;;;
118; PERBAK/FASBAT/YEN?LE?T?RME MALZEMELER?;2815-01-608-3612 - 2815016083612;;;ENGINE, DIESEL;125;;;;;;;;;;;;;
119; PERBAK/FASBAT/YEN?LE?T?RME MALZEMELER?;2815-01-608-5362 - 2815016085362;;;ENGINE, DIESEL;125;;;;;;;;;;;;;
120; PERBAK/FASBAT/YEN?LE?T?RME MALZEMELER?;2815-01-609-0533 - 2815016090533;;;ENGINE, DIESEL;125;;;;;;;;;;;;;
121; PERBAK/FASBAT/YEN?LE?T?RME MALZEMELER?;2815-01-609-1453 - 2815016091453;;;ENGINE, DIESEL;125;;;;;;;;;;;;;
122; PERBAK/FASBAT/YEN?LE?T?RME MALZEMELER?;2815-01-609-1600 - 2815016091600;;;ENGINE, DIESEL;125;;;;;;;;;;;;;
123; PERBAK/FASBAT/YEN?LE?T?RME MALZEMELER?;2815-01-610-0464 - 2815016100464;;;ENGINE, DIESEL;125;;;;;;;;;;;;;
124; PERBAK/FASBAT/YEN?LE?T?RME MALZEMELER?;2815-01-596-7948 - 2815015967948;;;ENGINE, DIESEL;125;;;;;;;;;;;;;
125; PERBAK/FASBAT/YEN?LE?T?RME MALZEMELER?;2815-01-597-5235 - 2815015975235;;;ENGINE, DIESEL;125;;;;;;;;;;;;;
126; PERBAK/FASBAT/YEN?LE?T?RME MALZEMELER?;2815-01-597-8208 - 2815015978208;;;ENGINE, DIESEL;125;;;;;;;;;;;;;
127; PERBAK/FASBAT/YEN?LE?T?RME MALZEMELER?;2815-01-598-7019 - 2815015987019;;;ENGINE, DIESEL;125;;;;;;;;;;;;;
128; PERBAK/FASBAT/YEN?LE?T?RME MALZEMELER?;2815-01-598-7154 - 2815015987154;;;ENGINE, DIESEL;125;;;;;;;;;;;;;
129; PERBAK/FASBAT/YEN?LE?T?RME MALZEMELER?;2815-01-598-7167 - 2815015987167;;;ENGINE, DIESEL;125;;;;;;;;;;;;;
130; PERBAK/FASBAT/YEN?LE?T?RME MALZEMELER?;2815-01-598-9213 - 2815015989213;;;ENGINE, DIESEL;125;;;;;;;;;;;;;
131; PERBAK/FASBAT/YEN?LE?T?RME MALZEMELER?;2815-01-599-0641 - 2815015990641;;;ENGINE, DIESEL;125;;;;;;;;;;;;;
132; PERBAK/FASBAT/YEN?LE?T?RME MALZEMELER?;2815-01-599-6838 - 2815015996838;;;ENGINE, DIESEL;125;;;;;;;;;;;;;
133; PERBAK/FASBAT/YEN?LE?T?RME MALZEMELER?;2815-01-599-7177 - 2815015997177;;;ENGINE, DIESEL;125;;;;;;;;;;;;;
134; PERBAK/FASBAT/YEN?LE?T?RME MALZEMELER?;2815-01-593-1270 - 2815015931270;;;ENGINE, DIESEL;125;;;;;;;;;;;;;
135; PERBAK/FASBAT/YEN?LE?T?RME MALZEMELER?;2815-01-595-0947 - 2815015950947;;;ENGINE, DIESEL;125;;;;;;;;;;;;;
136; PERBAK/FASBAT/YEN?LE?T?RME MALZEMELER?;2815-01-595-0952 - 2815015950952;;;ENGINE, DIESEL;125;;;;;;;;;;;;;
137; PERBAK/FASBAT/YEN?LE?T?RME MALZEMELER?;2815-01-595-0954 - 2815015950954;;;ENGINE, DIESEL;125;;;;;;;;;;;;;
138; PERBAK/FASBAT/YEN?LE?T?RME MALZEMELER?;2815-01-595-4722 - 2815015954722;;;ENGINE, DIESEL;125;;;;;;;;;;;;;
139; PERBAK/FASBAT/YEN?LE?T?RME MALZEMELER?;2815-01-595-5789 - 2815015955789;;;ENGINE, DIESEL;125;;;;;;;;;;;;;
140; PERBAK/FASBAT/YEN?LE?T?RME MALZEMELER?;2815-01-595-6094 - 2815015956094;;;ENGINE, DIESEL;125;;;;;;;;;;;;;
141; PERBAK/FASBAT/YEN?LE?T?RME MALZEMELER?;2815-01-596-1581 - 2815015961581;;;ENGINE, DIESEL;125;;;;;;;;;;;;;
142; PERBAK/FASBAT/YEN?LE?T?RME MALZEMELER?;2815-01-596-4878 - 2815015964878;;;ENGINE, DIESEL;125;;;;;;;;;;;;;
143; PERBAK/FASBAT/YEN?LE?T?RME MALZEMELER?;2815-01-596-5208 - 2815015965208;;;ENGINE, DIESEL;125;;;;;;;;;;;;;
144; PERBAK/FASBAT/YEN?LE?T?RME MALZEMELER?;2815-01-576-8629 - 2815015768629;;;ENGINE, DIESEL;125;;;;;;;;;;;;;
145; PERBAK/FASBAT/YEN?LE?T?RME MALZEMELER?;2815-01-576-5292 - 2815015765292;;;ENGINE, DIESEL;125;;;;;;;;;;;;;
146; PERBAK/FASBAT/YEN?LE?T?RME MALZEMELER?;2815-01-575-3008 - 2815015753008;;;ENGINE, DIESEL;125;;;;;;;;;;;;;
147; PERBAK/FASBAT/YEN?LE?T?RME MALZEMELER?;2815-01-575-5874 - 2815015755874;;;ENGINE, DIESEL;125;;;;;;;;;;;;;
148; PERBAK/FASBAT/YEN?LE?T?RME MALZEMELER?;2815-01-576-2496 - 2815015762496;;;ENGINE, DIESEL;125;;;;;;;;;;;;;
149; PERBAK/FASBAT/YEN?LE?T?RME MALZEMELER?;2815-01-565-1112 - 2815015651112;;;ENGINE, DIESEL;125;;;;;;;;;;;;;
150; PERBAK/FASBAT/YEN?LE?T?RME MALZEMELER?;2815-01-565-1113 - 2815015651113;;;ENGINE, DIESEL;125;;;;;;;;;;;;;
151; PERBAK/FASBAT/YEN?LE?T?RME MALZEMELER?;2815-01-565-3943 - 2815015653943;;;ENGINE, DIESEL;125;;;;;;;;;;;;;
152; PERBAK/FASBAT/YEN?LE?T?RME MALZEMELER?;2815-01-565-4987 - 2815015654987;;;ENGINE, DIESEL;125;;;;;;;;;;;;;
153; PERBAK/FASBAT/YEN?LE?T?RME MALZEMELER?;2815-01-566-0376 - 2815015660376;;;ENGINE, DIESEL;125;;;;;;;;;;;;;
154; PERBAK/FASBAT/YEN?LE?T?RME MALZEMELER?;2815-01-562-9494 - 2815015629494;;;ENGINE, DIESEL;125;;;;;;;;;;;;;
155; PERBAK/FASBAT/YEN?LE?T?RME MALZEMELER?;2815-01-562-9630 - 2815015629630;;;ENGINE, DIESEL;125;;;;;;;;;;;;;
156; PERBAK/FASBAT/YEN?LE?T?RME MALZEMELER?;2815-01-563-8873 - 2815015638873;;;ENGINE, DIESEL;125;;;;;;;;;;;;;
157; PERBAK/FASBAT/YEN?LE?T?RME MALZEMELER?;2815-01-555-5451 - 2815015555451;;;ENGINE, DIESEL;125;;;;;;;;;;;;;
158; PERBAK/FASBAT/YEN?LE?T?RME MALZEMELER?;2815-01-555-5653 - 2815015555653;;;ENGINE, DIESEL;125;;;;;;;;;;;;;
159; PERBAK/FASBAT/YEN?LE?T?RME MALZEMELER?;2815-01-555-6183 - 2815015556183;;;ENGINE, DIESEL;125;;;;;;;;;;;;;
160; PERBAK/FASBAT/YEN?LE?T?RME MALZEMELER?;2815-01-555-6345 - 2815015556345;;;ENGINE, DIESEL;125;;;;;;;;;;;;;
161; PERBAK/FASBAT/YEN?LE?T?RME MALZEMELER?;2815-01-555-7259 - 2815015557259;;;ENGINE, DIESEL;125;;;;;;;;;;;;;
162; PERBAK/FASBAT/YEN?LE?T?RME MALZEMELER?;2815-01-555-8200 - 2815015558200;;;ENGINE, DIESEL;125;;;;;;;;;;;;;
163; PERBAK/FASBAT/YEN?LE?T?RME MALZEMELER?;2815-01-556-1644 - 2815015561644;;;ENGINE, DIESEL;125;;;;;;;;;;;;;
164; PERBAK/FASBAT/YEN?LE?T?RME MALZEMELER?;2815-01-556-4800 - 2815015564800;;;ENGINE, DIESEL;125;;;;;;;;;;;;;
165; PERBAK/FASBAT/YEN?LE?T?RME MALZEMELER?;2815-01-556-9703 - 2815015569703;;;ENGINE, DIESEL;125;;;;;;;;;;;;;
166; PERBAK/FASBAT/YEN?LE?T?RME MALZEMELER?;2815-01-557-6138 - 2815015576138;;;ENGINE, DIESEL;125;;;;;;;;;;;;;
167; PERBAK/FASBAT/YEN?LE?T?RME MALZEMELER?;2815-01-558-2184 - 2815015582184;;;ENGINE, DIESEL;125;;;;;;;;;;;;;
168; PERBAK/FASBAT/YEN?LE?T?RME MALZEMELER?;2815-01-558-2770 - 2815015582770;;;ENGINE, DIESEL;125;;;;;;;;;;;;;
169; PERBAK/FASBAT/YEN?LE?T?RME MALZEMELER?;2815-01-558-2882 - 2815015582882;;;ENGINE, DIESEL;125;;;;;;;;;;;;;
170; PERBAK/FASBAT/YEN?LE?T?RME MALZEMELER?;2815-01-558-7531 - 2815015587531;;;ENGINE, DIESEL;125;;;;;;;;;;;;;
171; PERBAK/FASBAT/YEN?LE?T?RME MALZEMELER?;2815-01-558-9714 - 2815015589714;;;ENGINE, DIESEL;125;;;;;;;;;;;;;
172; PERBAK/FASBAT/YEN?LE?T?RME MALZEMELER?;2815-01-559-1474 - 2815015591474;;;ENGINE, DIESEL;125;;;;;;;;;;;;;
173; PERBAK/FASBAT/YEN?LE?T?RME MALZEMELER?;2815-01-546-6234 - 2815015466234;;;ENGINE, DIESEL;125;;;;;;;;;;;;;
174; PERBAK/FASBAT/YEN?LE?T?RME MALZEMELER?;2815-01-546-7980 - 2815015467980;;;ENGINE, DIESEL;125;;;;;;;;;;;;;
175; PERBAK/FASBAT/YEN?LE?T?RME MALZEMELER?;2815-01-547-8509 - 2815015478509;;;ENGINE, DIESEL;125;;;;;;;;;;;;;
176; PERBAK/FASBAT/YEN?LE?T?RME MALZEMELER?;2815-01-548-2547 - 2815015482547;;;ENGINE, DIESEL;125;;;;;;;;;;;;;
177; PERBAK/FASBAT/YEN?LE?T?RME MALZEMELER?;2815-01-548-5891 - 2815015485891;;;ENGINE, DIESEL;125;;;;;;;;;;;;;
178; PERBAK/FASBAT/YEN?LE?T?RME MALZEMELER?;2815-01-548-6433 - 2815015486433;;;ENGINE, DIESEL;125;;;;;;;;;;;;;
179; PERBAK/FASBAT/YEN?LE?T?RME MALZEMELER?;2815-01-548-6617 - 2815015486617;;;ENGINE, DIESEL;125;;;;;;;;;;;;;
180; PERBAK/FASBAT/YEN?LE?T?RME MALZEMELER?;2815-01-548-8313 - 2815015488313;;;ENGINE, DIESEL;125;;;;;;;;;;;;;
181; PERBAK/FASBAT/YEN?LE?T?RME MALZEMELER?;2815-01-548-9131 - 2815015489131;;;ENGINE, DIESEL;125;;;;;;;;;;;;;
182; PERBAK/FASBAT/YEN?LE?T?RME MALZEMELER?;2815-01-550-0507 - 2815015500507;;;ENGINE, DIESEL;125;;;;;;;;;;;;;
183; PERBAK/FASBAT/YEN?LE?T?RME MALZEMELER?;2815-01-550-2608 - 2815015502608;;;ENGINE, DIESEL;125;;;;;;;;;;;;;
184; PERBAK/FASBAT/YEN?LE?T?RME MALZEMELER?;2815-01-550-2615 - 2815015502615;;;ENGINE, DIESEL;125;;;;;;;;;;;;;
185; PERBAK/FASBAT/YEN?LE?T?RME MALZEMELER?;2815-01-550-5636 - 2815015505636;;;ENGINE, DIESEL;125;;;;;;;;;;;;;
186; PERBAK/FASBAT/YEN?LE?T?RME MALZEMELER?;2815-01-550-5640 - 2815015505640;;;ENGINE, DIESEL;125;;;;;;;;;;;;;
187; PERBAK/FASBAT/YEN?LE?T?RME MALZEMELER?;2815-01-550-8313 - 2815015508313;;;ENGINE, DIESEL;125;;;;;;;;;;;;;
188; PERBAK/FASBAT/YEN?LE?T?RME MALZEMELER?;2815-01-551-1097 - 2815015511097;;;ENGINE, DIESEL;125;;;;;;;;;;;;;
189; PERBAK/FASBAT/YEN?LE?T?RME MALZEMELER?;2815-01-551-2402 - 2815015512402;;;ENGINE, DIESEL;125;;;;;;;;;;;;;
190; PERBAK/FASBAT/YEN?LE?T?RME MALZEMELER?;2815-01-551-4533 - 2815015514533;;;ENGINE, DIESEL;125;;;;;;;;;;;;;
191; PERBAK/FASBAT/YEN?LE?T?RME MALZEMELER?;2815-01-553-6029 - 2815015536029;;;ENGINE, DIESEL;125;;;;;;;;;;;;;
192; PERBAK/FASBAT/YEN?LE?T?RME MALZEMELER?;2815-01-553-6153 - 2815015536153;;;ENGINE, DIESEL;125;;;;;;;;;;;;;
193; PERBAK/FASBAT/YEN?LE?T?RME MALZEMELER?;2815-01-553-7020 - 2815015537020;;;ENGINE, DIESEL;125;;;;;;;;;;;;;
194; PERBAK/FASBAT/YEN?LE?T?RME MALZEMELER?;2815-01-554-3605 - 2815015543605;;;ENGINE, DIESEL;125;;;;;;;;;;;;;
195; PERBAK/FASBAT/YEN?LE?T?RME MALZEMELER?;2815-01-554-5159 - 2815015545159;;;ENGINE, DIESEL;125;;;;;;;;;;;;;
196; PERBAK/FASBAT/YEN?LE?T?RME MALZEMELER?;2815-01-554-5466 - 2815015545466;;;ENGINE, DIESEL;125;;;;;;;;;;;;;
197; PERBAK/FASBAT/YEN?LE?T?RME MALZEMELER?;2815-01-554-5657 - 2815015545657;;;ENGINE, DIESEL;125;;;;;;;;;;;;;
198; PERBAK/FASBAT/YEN?LE?T?RME MALZEMELER?;2815-01-554-7960 - 2815015547960;;;ENGINE, DIESEL;125;;;;;;;;;;;;;
199; PERBAK/FASBAT/YEN?LE?T?RME MALZEMELER?;2815-01-555-5432 - 2815015555432;;;ENGINE, DIESEL;125;;;;;;;;;;;;;
200; PERBAK/FASBAT/YEN?LE?T?RME MALZEMELER?;2815-01-540-4858 - 2815015404858;;;ENGINE, DIESEL;125;;;;;;;;;;;;;
201; PERBAK/FASBAT/YEN?LE?T?RME MALZEMELER?;2815-01-540-5688 - 2815015405688;;;ENGINE, DIESEL;125;;;;;;;;;;;;;
202; PERBAK/FASBAT/YEN?LE?T?RME MALZEMELER?;2815-01-540-6138 - 2815015406138;;;ENGINE, DIESEL;125;;;;;;;;;;;;;
203; PERBAK/FASBAT/YEN?LE?T?RME MALZEMELER?;2815-01-540-8958 - 2815015408958;;;ENGINE, DIESEL;125;;;;;;;;;;;;;
204; PERBAK/FASBAT/YEN?LE?T?RME MALZEMELER?;2815-01-541-2325 - 2815015412325;;;ENGINE, DIESEL;125;;;;;;;;;;;;;
205; PERBAK/FASBAT/YEN?LE?T?RME MALZEMELER?;2815-01-541-2397 - 2815015412397;;;ENGINE, DIESEL;125;;;;;;;;;;;;;
206; PERBAK/FASBAT/YEN?LE?T?RME MALZEMELER?;2815-01-541-4361 - 2815015414361;;;ENGINE, DIESEL;125;;;;;;;;;;;;;
207; PERBAK/FASBAT/YEN?LE?T?RME MALZEMELER?;2815-01-541-9160 - 2815015419160;;;ENGINE, DIESEL;125;;;;;;;;;;;;;
208; PERBAK/FASBAT/YEN?LE?T?RME MALZEMELER?;2815-01-543-0123 - 2815015430123;;;ENGINE, DIESEL;125;;;;;;;;;;;;;
209; PERBAK/FASBAT/YEN?LE?T?RME MALZEMELER?;2815-01-543-0623 - 2815015430623;;;ENGINE, DIESEL;125;;;;;;;;;;;;;
210; PERBAK/FASBAT/YEN?LE?T?RME MALZEMELER?;2815-01-543-3187 - 2815015433187;;;ENGINE, DIESEL;125;;;;;;;;;;;;;
211; PERBAK/FASBAT/YEN?LE?T?RME MALZEMELER?;2815-01-543-3270 - 2815015433270;;;ENGINE, DIESEL;125;;;;;;;;;;;;;
212; PERBAK/FASBAT/YEN?LE?T?RME MALZEMELER?;2815-01-543-5043 - 2815015435043;;;ENGINE, DIESEL;125;;;;;;;;;;;;;
213; PERBAK/FASBAT/YEN?LE?T?RME MALZEMELER?;2815-01-543-7016 - 2815015437016;;;ENGINE, DIESEL;125;;;;;;;;;;;;;
214; PERBAK/FASBAT/YEN?LE?T?RME MALZEMELER?;2815-01-543-8314 - 2815015438314;;;ENGINE, DIESEL;125;;;;;;;;;;;;;
215; PERBAK/FASBAT/YEN?LE?T?RME MALZEMELER?;2815-01-543-8497 - 2815015438497;;;ENGINE, DIESEL;125;;;;;;;;;;;;;
216; PERBAK/FASBAT/YEN?LE?T?RME MALZEMELER?;2815-01-543-9460 - 2815015439460;;;ENGINE, DIESEL;125;;;;;;;;;;;;;
217; PERBAK/FASBAT/YEN?LE?T?RME MALZEMELER?;2815-01-544-1313 - 2815015441313;;;ENGINE, DIESEL;125;;;;;;;;;;;;;
218; PERBAK/FASBAT/YEN?LE?T?RME MALZEMELER?;2815-01-544-4134 - 2815015444134;;;ENGINE, DIESEL;125;;;;;;;;;;;;;
219; PERBAK/FASBAT/YEN?LE?T?RME MALZEMELER?;2815-01-544-4835 - 2815015444835;;;ENGINE, DIESEL;125;;;;;;;;;;;;;
220; PERBAK/FASBAT/YEN?LE?T?RME MALZEMELER?;2815-01-544-8863 - 2815015448863;;;ENGINE, DIESEL;125;;;;;;;;;;;;;
221; PERBAK/FASBAT/YEN?LE?T?RME MALZEMELER?;2815-01-544-8864 - 2815015448864;;;ENGINE, DIESEL;125;;;;;;;;;;;;;
222; PERBAK/FASBAT/YEN?LE?T?RME MALZEMELER?;2815-01-544-8868 - 2815015448868;;;ENGINE, DIESEL;125;;;;;;;;;;;;;
223; PERBAK/FASBAT/YEN?LE?T?RME MALZEMELER?;2815-01-545-4366 - 2815015454366;;;ENGINE, DIESEL;125;;;;;;;;;;;;;
224; PERBAK/FASBAT/YEN?LE?T?RME MALZEMELER?;2815-01-545-5569 - 2815015455569;;;ENGINE, DIESEL;125;;;;;;;;;;;;;
225; PERBAK/FASBAT/YEN?LE?T?RME MALZEMELER?;2815-01-517-9322 - 2815015179322;;;ENGINE, DIESEL;125;;;;;;;;;;;;;
226; PERBAK/FASBAT/YEN?LE?T?RME MALZEMELER?;2815-01-518-5467 - 2815015185467;;;ENGINE, DIESEL;125;;;;;;;;;;;;;
227; PERBAK/FASBAT/YEN?LE?T?RME MALZEMELER?;2815-01-518-6603 - 2815015186603;;;ENGINE, DIESEL;125;;;;;;;;;;;;;
228; PERBAK/FASBAT/YEN?LE?T?RME MALZEMELER?;2815-01-518-7309 - 2815015187309;;;ENGINE, DIESEL;125;;;;;;;;;;;;;
229; PERBAK/FASBAT/YEN?LE?T?RME MALZEMELER?;2815-01-519-5534 - 2815015195534;;;ENGINE, DIESEL;125;;;;;;;;;;;;;
230; PERBAK/FASBAT/YEN?LE?T?RME MALZEMELER?;2815-01-519-5659 - 2815015195659;;;ENGINE, DIESEL;125;;;;;;;;;;;;;
231; PERBAK/FASBAT/YEN?LE?T?RME MALZEMELER?;2815-01-519-8694 - 2815015198694;;;ENGINE, DIESEL;125;;;;;;;;;;;;;
232; PERBAK/FASBAT/YEN?LE?T?RME MALZEMELER?;2815-01-519-9364 - 2815015199364;;;ENGINE, DIESEL;125;;;;;;;;;;;;;
233; PERBAK/FASBAT/YEN?LE?T?RME MALZEMELER?;2815-01-520-6514 - 2815015206514;;;ENGINE, DIESEL;125;;;;;;;;;;;;;
234; PERBAK/FASBAT/YEN?LE?T?RME MALZEMELER?;2815-01-520-6704 - 2815015206704;;;ENGINE, DIESEL;125;;;;;;;;;;;;;
235; PERBAK/FASBAT/YEN?LE?T?RME MALZEMELER?;2815-01-520-8589 - 2815015208589;;;ENGINE, DIESEL;125;;;;;;;;;;;;;
236; PERBAK/FASBAT/YEN?LE?T?RME MALZEMELER?;2815-01-520-9715 - 2815015209715;;;ENGINE, DIESEL;125;;;;;;;;;;;;;
237; PERBAK/FASBAT/YEN?LE?T?RME MALZEMELER?;2815-01-521-3192 - 2815015213192;;;ENGINE, DIESEL;125;;;;;;;;;;;;;
238; PERBAK/FASBAT/YEN?LE?T?RME MALZEMELER?;2815-01-523-0674 - 2815015230674;;;ENGINE, DIESEL;125;;;;;;;;;;;;;
239; PERBAK/FASBAT/YEN?LE?T?RME MALZEMELER?;2815-01-523-4601 - 2815015234601;;;ENGINE, DIESEL;125;;;;;;;;;;;;;
240; PERBAK/FASBAT/YEN?LE?T?RME MALZEMELER?;2815-01-523-6665 - 2815015236665;;;ENGINE, DIESEL;125;;;;;;;;;;;;;
241; PERBAK/FASBAT/YEN?LE?T?RME MALZEMELER?;2815-01-577-3192 - 2815015773192;;;ENGINE, DIESEL;125;;;;;;;;;;;;;
242; PERBAK/FASBAT/YEN?LE?T?RME MALZEMELER?;2815-01-577-3193 - 2815015773193;;;ENGINE, DIESEL;125;;;;;;;;;;;;;
243; PERBAK/FASBAT/YEN?LE?T?RME MALZEMELER?;2815-01-577-5657 - 2815015775657;;;ENGINE, DIESEL;125;;;;;;;;;;;;;
244; PERBAK/FASBAT/YEN?LE?T?RME MALZEMELER?;2815-01-577-6972 - 2815015776972;;;ENGINE, DIESEL;125;;;;;;;;;;;;;
245; PERBAK/FASBAT/YEN?LE?T?RME MALZEMELER?;2815-01-578-0468 - 2815015780468;;;ENGINE, DIESEL;125;;;;;;;;;;;;;
246; PERBAK/FASBAT/YEN?LE?T?RME MALZEMELER?;2815-01-578-0472 - 2815015780472;;;ENGINE, DIESEL;125;;;;;;;;;;;;;
247; PERBAK/FASBAT/YEN?LE?T?RME MALZEMELER?;2815-01-578-3605 - 2815015783605;;;ENGINE, DIESEL;125;;;;;;;;;;;;;
248; PERBAK/FASBAT/YEN?LE?T?RME MALZEMELER?;2815-01-578-7194 - 2815015787194;;;ENGINE, DIESEL;125;;;;;;;;;;;;;
249; PERBAK/FASBAT/YEN?LE?T?RME MALZEMELER?;2815-01-579-3112 - 2815015793112;;;ENGINE, DIESEL;125;;;;;;;;;;;;;
250; PERBAK/FASBAT/YEN?LE?T?RME MALZEMELER?;2815-01-579-5012 - 2815015795012;;;ENGINE, DIESEL;125;;;;;;;;;;;;;
251; PERBAK/FASBAT/YEN?LE?T?RME MALZEMELER?;2815-01-580-4823 - 2815015804823;;;ENGINE, DIESEL;125;;;;;;;;;;;;;
252; PERBAK/FASBAT/YEN?LE?T?RME MALZEMELER?;2815-01-580-5848 - 2815015805848;;;ENGINE, DIESEL;125;;;;;;;;;;;;;
253; PERBAK/FASBAT/YEN?LE?T?RME MALZEMELER?;2815-01-581-0635 - 2815015810635;;;ENGINE, DIESEL;125;;;;;;;;;;;;;
254; PERBAK/FASBAT/YEN?LE?T?RME MALZEMELER?;2815-01-582-4073 - 2815015824073;;;ENGINE, DIESEL;125;;;;;;;;;;;;;
255; PERBAK/FASBAT/YEN?LE?T?RME MALZEMELER?;2815-01-582-4439 - 2815015824439;;;ENGINE, DIESEL;125;;;;;;;;;;;;;
256; PERBAK/FASBAT/YEN?LE?T?RME MALZEMELER?;2815-01-582-5713 - 2815015825713;;;ENGINE, DIESEL;125;;;;;;;;;;;;;
257; PERBAK/FASBAT/YEN?LE?T?RME MALZEMELER?;2815-01-582-6874 - 2815015826874;;;ENGINE, DIESEL;125;;;;;;;;;;;;;
258; PERBAK/FASBAT/YEN?LE?T?RME MALZEMELER?;2815-01-583-2667 - 2815015832667;;;ENGINE, DIESEL;125;;;;;;;;;;;;;
259; PERBAK/FASBAT/YEN?LE?T?RME MALZEMELER?;2815-01-583-4450 - 2815015834450;;;ENGINE, DIESEL;125;;;;;;;;;;;;;
260; PERBAK/FASBAT/YEN?LE?T?RME MALZEMELER?;2815-01-583-4895 - 2815015834895;;;ENGINE, DIESEL;125;;;;;;;;;;;;;
261; PERBAK/FASBAT/YEN?LE?T?RME MALZEMELER?;2815-01-583-8913 - 2815015838913;;;ENGINE, DIESEL;125;;;;;;;;;;;;;
262; PERBAK/FASBAT/YEN?LE?T?RME MALZEMELER?;2815-01-585-2703 - 2815015852703;;;ENGINE, DIESEL;125;;;;;;;;;;;;;
263; PERBAK/FASBAT/YEN?LE?T?RME MALZEMELER?;2815-01-585-9265 - 2815015859265;;;ENGINE, DIESEL;125;;;;;;;;;;;;;
264; PERBAK/FASBAT/YEN?LE?T?RME MALZEMELER?;2815-01-586-6168 - 2815015866168;;;ENGINE, DIESEL;125;;;;;;;;;;;;;
265; PERBAK/FASBAT/YEN?LE?T?RME MALZEMELER?;2815-01-588-1553 - 2815015881553;;;ENGINE, DIESEL;125;;;;;;;;;;;;;
266; PERBAK/FASBAT/YEN?LE?T?RME MALZEMELER?;2815-01-588-4195 - 2815015884195;;;ENGINE, DIESEL;125;;;;;;;;;;;;;
267; PERBAK/FASBAT/YEN?LE?T?RME MALZEMELER?;2815-01-588-5596 - 2815015885596;;;ENGINE, DIESEL;125;;;;;;;;;;;;;
268; PERBAK/FASBAT/YEN?LE?T?RME MALZEMELER?;2815-01-589-1282 - 2815015891282;;;ENGINE, DIESEL;125;;;;;;;;;;;;;
269; PERBAK/FASBAT/YEN?LE?T?RME MALZEMELER?;2815-01-589-1633 - 2815015891633;;;ENGINE, DIESEL;125;;;;;;;;;;;;;
270; PERBAK/FASBAT/YEN?LE?T?RME MALZEMELER?;2815-01-589-5084 - 2815015895084;;;ENGINE, DIESEL;125;;;;;;;;;;;;;
271; PERBAK/FASBAT/YEN?LE?T?RME MALZEMELER?;2815-01-590-3074 - 2815015903074;;;ENGINE, DIESEL;125;;;;;;;;;;;;;
272; PERBAK/FASBAT/YEN?LE?T?RME MALZEMELER?;2815-01-590-7072 - 2815015907072;;;ENGINE, DIESEL;125;;;;;;;;;;;;;
273; PERBAK/FASBAT/YEN?LE?T?RME MALZEMELER?;2815-01-590-7080 - 2815015907080;;;ENGINE, DIESEL;125;;;;;;;;;;;;;
274; PERBAK/FASBAT/YEN?LE?T?RME MALZEMELER?;2815-01-590-7339 - 2815015907339;;;ENGINE, DIESEL;125;;;;;;;;;;;;;
275; PERBAK/FASBAT/YEN?LE?T?RME MALZEMELER?;2815-01-590-8126 - 2815015908126;;;ENGINE, DIESEL;125;;;;;;;;;;;;;
276; PERBAK/FASBAT/YEN?LE?T?RME MALZEMELER?;2815-01-591-2068 - 2815015912068;;;ENGINE, DIESEL;125;;;;;;;;;;;;;
277; PERBAK/FASBAT/YEN?LE?T?RME MALZEMELER?;2815-01-591-2200 - 2815015912200;;;ENGINE, DIESEL;125;;;;;;;;;;;;;
278; PERBAK/FASBAT/YEN?LE?T?RME MALZEMELER?;2815-01-591-7631 - 2815015917631;;;ENGINE, DIESEL;125;;;;;;;;;;;;;
279; PERBAK/FASBAT/YEN?LE?T?RME MALZEMELER?;2815-01-591-7633 - 2815015917633;;;ENGINE, DIESEL;125;;;;;;;;;;;;;
280; PERBAK/FASBAT/YEN?LE?T?RME MALZEMELER?;2815-01-591-9748 - 2815015919748;;;ENGINE, DIESEL;125;;;;;;;;;;;;;
281; PERBAK/FASBAT/YEN?LE?T?RME MALZEMELER?;2815-01-559-2661 - 2815015592661;;;ENGINE, DIESEL;125;;;;;;;;;;;;;
282; PERBAK/FASBAT/YEN?LE?T?RME MALZEMELER?;2815-01-559-7342 - 2815015597342;;;ENGINE, DIESEL;125;;;;;;;;;;;;;
283; PERBAK/FASBAT/YEN?LE?T?RME MALZEMELER?;2815-01-560-3277 - 2815015603277;;;ENGINE, DIESEL;125;;;;;;;;;;;;;
284; PERBAK/FASBAT/YEN?LE?T?RME MALZEMELER?;2815-01-560-3526 - 2815015603526;;;ENGINE, DIESEL;125;;;;;;;;;;;;;
285; PERBAK/FASBAT/YEN?LE?T?RME MALZEMELER?;2815-01-560-6799 - 2815015606799;;;ENGINE, DIESEL;125;;;;;;;;;;;;;
286; PERBAK/FASBAT/YEN?LE?T?RME MALZEMELER?;2815-01-560-7730 - 2815015607730;;;ENGINE, DIESEL;125;;;;;;;;;;;;;
287; PERBAK/FASBAT/YEN?LE?T?RME MALZEMELER?;2815-01-560-8473 - 2815015608473;;;ENGINE, DIESEL;125;;;;;;;;;;;;;
288; PERBAK/FASBAT/YEN?LE?T?RME MALZEMELER?;2815-01-561-3693 - 2815015613693;;;ENGINE, DIESEL;125;;;;;;;;;;;;;
289; PERBAK/FASBAT/YEN?LE?T?RME MALZEMELER?;2815-01-561-6871 - 2815015616871;;;ENGINE, DIESEL;125;;;;;;;;;;;;;
290; PERBAK/FASBAT/YEN?LE?T?RME MALZEMELER?;2815-01-562-6265 - 2815015626265;;;ENGINE, DIESEL;125;;;;;;;;;;;;;
291; PERBAK/FASBAT/YEN?LE?T?RME MALZEMELER?;2815-01-524-7659 - 2815015247659;;;ENGINE, DIESEL;125;;;;;;;;;;;;;
292; PERBAK/FASBAT/YEN?LE?T?RME MALZEMELER?;2815-01-524-8080 - 2815015248080;;;ENGINE, DIESEL;125;;;;;;;;;;;;;
293; PERBAK/FASBAT/YEN?LE?T?RME MALZEMELER?;2815-01-525-5234 - 2815015255234;;;ENGINE, DIESEL;125;;;;;;;;;;;;;
294; PERBAK/FASBAT/YEN?LE?T?RME MALZEMELER?;2815-01-525-5241 - 2815015255241;;;ENGINE, DIESEL;125;;;;;;;;;;;;;
295; PERBAK/FASBAT/YEN?LE?T?RME MALZEMELER?;2815-01-526-5038 - 2815015265038;;;ENGINE, DIESEL;125;;;;;;;;;;;;;
296; PERBAK/FASBAT/YEN?LE?T?RME MALZEMELER?;2815-01-524-0580 - 2815015240580;;;ENGINE, DIESEL;125;;;;;;;;;;;;;
297; PERBAK/FASBAT/YEN?LE?T?RME MALZEMELER?;2815-01-462-2289 - 2815014622289;;;ENGINE, DIESEL;125;;;;;;;;;;;;;
298; PERBAK/FASBAT/YEN?LE?T?RME MALZEMELER?;2815-01-566-8368 - 2815015668368;;;ENGINE, DIESEL;125;;;;;;;;;;;;;
299; PERBAK/FASBAT/YEN?LE?T?RME MALZEMELER?;2815-01-567-5163 - 2815015675163;;;ENGINE, DIESEL;125;;;;;;;;;;;;;
300; PERBAK/FASBAT/YEN?LE?T?RME MALZEMELER?;2815-01-567-7009 - 2815015677009;;;ENGINE, DIESEL;125;;;;;;;;;;;;;
301; PERBAK/FASBAT/YEN?LE?T?RME MALZEMELER?;2815-01-567-7970 - 2815015677970;;;ENGINE, DIESEL;125;;;;;;;;;;;;;
302; PERBAK/FASBAT/YEN?LE?T?RME MALZEMELER?;2815-01-568-0408 - 2815015680408;;;ENGINE, DIESEL;125;;;;;;;;;;;;;
303; PERBAK/FASBAT/YEN?LE?T?RME MALZEMELER?;2815-01-568-0410 - 2815015680410;;;ENGINE, DIESEL;125;;;;;;;;;;;;;
304; PERBAK/FASBAT/YEN?LE?T?RME MALZEMELER?;2815-01-568-2369 - 2815015682369;;;ENGINE, DIESEL;125;;;;;;;;;;;;;
305; PERBAK/FASBAT/YEN?LE?T?RME MALZEMELER?;2815-01-568-3748 - 2815015683748;;;ENGINE, DIESEL;125;;;;;;;;;;;;;
306; PERBAK/FASBAT/YEN?LE?T?RME MALZEMELER?;2815-01-568-5759 - 2815015685759;;;ENGINE, DIESEL;125;;;;;;;;;;;;;
307; PERBAK/FASBAT/YEN?LE?T?RME MALZEMELER?;2815-01-568-7185 - 2815015687185;;;ENGINE, DIESEL;125;;;;;;;;;;;;;
308; PERBAK/FASBAT/YEN?LE?T?RME MALZEMELER?;2815-01-568-7767 - 2815015687767;;;ENGINE, DIESEL;125;;;;;;;;;;;;;
309; PERBAK/FASBAT/YEN?LE?T?RME MALZEMELER?;2815-01-568-9979 - 2815015689979;;;ENGINE, DIESEL;125;;;;;;;;;;;;;
310; PERBAK/FASBAT/YEN?LE?T?RME MALZEMELER?;2815-01-569-1733 - 2815015691733;;;ENGINE, DIESEL;125;;;;;;;;;;;;;
311; PERBAK/FASBAT/YEN?LE?T?RME MALZEMELER?;2815-01-569-4627 - 2815015694627;;;ENGINE, DIESEL;125;;;;;;;;;;;;;
312; PERBAK/FASBAT/YEN?LE?T?RME MALZEMELER?;2815-01-569-9922 - 2815015699922;;;ENGINE, DIESEL;125;;;;;;;;;;;;;
313; PERBAK/FASBAT/YEN?LE?T?RME MALZEMELER?;2815-01-570-0260 - 2815015700260;;;ENGINE, DIESEL;125;;;;;;;;;;;;;
314; PERBAK/FASBAT/YEN?LE?T?RME MALZEMELER?;2815-01-570-4250 - 2815015704250;;;ENGINE, DIESEL;125;;;;;;;;;;;;;
315; PERBAK/FASBAT/YEN?LE?T?RME MALZEMELER?;2815-01-570-7180 - 2815015707180;;;ENGINE, DIESEL;125;;;;;;;;;;;;;
316; PERBAK/FASBAT/YEN?LE?T?RME MALZEMELER?;2815-01-570-7826 - 2815015707826;;;ENGINE, DIESEL;125;;;;;;;;;;;;;
317; PERBAK/FASBAT/YEN?LE?T?RME MALZEMELER?;2815-01-570-8920 - 2815015708920;;;ENGINE, DIESEL;125;;;;;;;;;;;;;
318; PERBAK/FASBAT/YEN?LE?T?RME MALZEMELER?;2815-01-571-1401 - 2815015711401;;;ENGINE, DIESEL;125;;;;;;;;;;;;;
319; PERBAK/FASBAT/YEN?LE?T?RME MALZEMELER?;2815-01-572-9800 - 2815015729800;;;ENGINE, DIESEL;125;;;;;;;;;;;;;
320; PERBAK/FASBAT/YEN?LE?T?RME MALZEMELER?;2815-01-573-1168 - 2815015731168;;;ENGINE, DIESEL;125;;;;;;;;;;;;;
321; PERBAK/FASBAT/YEN?LE?T?RME MALZEMELER?;2815-01-573-2789 - 2815015732789;;;ENGINE, DIESEL;125;;;;;;;;;;;;;
322; PERBAK/FASBAT/YEN?LE?T?RME MALZEMELER?;2815-01-574-0497 - 2815015740497;;;ENGINE, DIESEL;125;;;;;;;;;;;;;
323; PERBAK/FASBAT/YEN?LE?T?RME MALZEMELER?;2815-01-574-0546 - 2815015740546;;;ENGINE, DIESEL;125;;;;;;;;;;;;;
324; PERBAK/FASBAT/YEN?LE?T?RME MALZEMELER?;2815-01-574-1597 - 2815015741597;;;ENGINE, DIESEL;125;;;;;;;;;;;;;
325; PERBAK/FASBAT/YEN?LE?T?RME MALZEMELER?;2815-01-671-7758 - 2815016717758;;;ENGINE, DIESEL;125;;;;;;;;;;;;;
326; PERBAK/FASBAT/YEN?LE?T?RME MALZEMELER?;2815-01-671-9891 - 2815016719891;;;ENGINE, DIESEL;125;;;;;;;;;;;;;
327; PERBAK/FASBAT/YEN?LE?T?RME MALZEMELER?;2815-01-672-0090 - 2815016720090;;;ENGINE, DIESEL;125;;;;;;;;;;;;;
328; PERBAK/FASBAT/YEN?LE?T?RME MALZEMELER?;2815-01-672-3847 - 2815016723847;;;ENGINE, DIESEL;125;;;;;;;;;;;;;
329; PERBAK/FASBAT/YEN?LE?T?RME MALZEMELER?;2815-01-672-6223 - 2815016726223;;;ENGINE, DIESEL;125;;;;;;;;;;;;;
330; PERBAK/FASBAT/YEN?LE?T?RME MALZEMELER?;2815-01-672-8815 - 2815016728815;;;ENGINE, DIESEL;125;;;;;;;;;;;;;
331; PERBAK/FASBAT/YEN?LE?T?RME MALZEMELER?;2815-01-672-9046 - 2815016729046;;;ENGINE, DIESEL;125;;;;;;;;;;;;;
332; PERBAK/FASBAT/YEN?LE?T?RME MALZEMELER?;2815-01-673-4116 - 2815016734116;;;ENGINE, DIESEL;125;;;;;;;;;;;;;
333; PERBAK/FASBAT/YEN?LE?T?RME MALZEMELER?;2815-01-674-3504 - 2815016743504;;;ENGINE, DIESEL;125;;;;;;;;;;;;;
334; PERBAK/FASBAT/YEN?LE?T?RME MALZEMELER?;2815-01-674-4766 - 2815016744766;;;ENGINE, DIESEL;125;;;;;;;;;;;;;
335; PERBAK/FASBAT/YEN?LE?T?RME MALZEMELER?;2815-01-674-8165 - 2815016748165;;;ENGINE, DIESEL;125;;;;;;;;;;;;;
336; PERBAK/FASBAT/YEN?LE?T?RME MALZEMELER?;2815-01-675-5148 - 2815016755148;;;ENGINE, DIESEL;125;;;;;;;;;;;;;
337; PERBAK/FASBAT/YEN?LE?T?RME MALZEMELER?;2815-01-675-5176 - 2815016755176;;;ENGINE, DIESEL;125;;;;;;;;;;;;;
338; PERBAK/FASBAT/YEN?LE?T?RME MALZEMELER?;2815-01-676-0878 - 2815016760878;;;ENGINE, DIESEL;125;;;;;;;;;;;;;
339; PERBAK/FASBAT/YEN?LE?T?RME MALZEMELER?;2815-01-676-0880 - 2815016760880;;;ENGINE, DIESEL;125;;;;;;;;;;;;;
340; PERBAK/FASBAT/YEN?LE?T?RME MALZEMELER?;2815-01-676-9373 - 2815016769373;;;ENGINE, DIESEL;125;;;;;;;;;;;;;
341; PERBAK/FASBAT/YEN?LE?T?RME MALZEMELER?;2815-01-677-3912 - 2815016773912;;;ENGINE, DIESEL;125;;;;;;;;;;;;;
342; PERBAK/FASBAT/YEN?LE?T?RME MALZEMELER?;2815-01-677-9537 - 2815016779537;;;ENGINE, DIESEL;125;;;;;;;;;;;;;
343; PERBAK/FASBAT/YEN?LE?T?RME MALZEMELER?;2815-01-677-9609 - 2815016779609;;;ENGINE, DIESEL;125;;;;;;;;;;;;;
344; PERBAK/FASBAT/YEN?LE?T?RME MALZEMELER?;2815-01-678-9313 - 2815016789313;;;ENGINE, DIESEL;125;;;;;;;;;;;;;
345; PERBAK/FASBAT/YEN?LE?T?RME MALZEMELER?;2815-01-679-3161 - 2815016793161;;;ENGINE, DIESEL;125;;;;;;;;;;;;;
346; PERBAK/FASBAT/YEN?LE?T?RME MALZEMELER?;2815-01-681-6050 - 2815016816050;;;ENGINE, DIESEL;125;;;;;;;;;;;;;
347; PERBAK/FASBAT/YEN?LE?T?RME MALZEMELER?;2815-01-683-7921 - 2815016837921;;;ENGINE, DIESEL;125;;;;;;;;;;;;;
348; PERBAK/FASBAT/YEN?LE?T?RME MALZEMELER?;2815-01-684-9377 - 2815016849377;;;ENGINE, DIESEL;125;;;;;;;;;;;;;
349; PERBAK/FASBAT/YEN?LE?T?RME MALZEMELER?;2815-01-685-3841 - 2815016853841;;;ENGINE, DIESEL;125;;;;;;;;;;;;;
350; PERBAK/FASBAT/YEN?LE?T?RME MALZEMELER?;2815-01-685-4939 - 2815016854939;;;ENGINE, DIESEL;125;;;;;;;;;;;;;
351; PERBAK/FASBAT/YEN?LE?T?RME MALZEMELER?;2815-01-687-0649 - 2815016870649;;;ENGINE, DIESEL;125;;;;;;;;;;;;;
352; PERBAK/FASBAT/YEN?LE?T?RME MALZEMELER?;2815-01-689-4298 - 2815016894298;;;ENGINE, DIESEL;125;;;;;;;;;;;;;
353; PERBAK/FASBAT/YEN?LE?T?RME MALZEMELER?;2815-01-689-7659 - 2815016897659;;;ENGINE, DIESEL;125;;;;;;;;;;;;;
354; PERBAK/FASBAT/YEN?LE?T?RME MALZEMELER?;2815-01-690-5024 - 2815016905024;;;ENGINE, DIESEL;125;;;;;;;;;;;;;
355; PERBAK/FASBAT/YEN?LE?T?RME MALZEMELER?;2815-01-690-8192 - 2815016908192;;;ENGINE, DIESEL;125;;;;;;;;;;;;;
356; PERBAK/FASBAT/YEN?LE?T?RME MALZEMELER?;2815-01-690-8596 - 2815016908596;;;ENGINE, DIESEL;125;;;;;;;;;;;;;
357; PERBAK/FASBAT/YEN?LE?T?RME MALZEMELER?;2815-01-691-2186 - 2815016912186;;;ENGINE, DIESEL;125;;;;;;;;;;;;;
358; PERBAK/FASBAT/YEN?LE?T?RME MALZEMELER?;2815-01-691-8770 - 2815016918770;;;ENGINE, DIESEL;125;;;;;;;;;;;;;
359; PERBAK/FASBAT/YEN?LE?T?RME MALZEMELER?;2815-01-692-3410 - 2815016923410;;;ENGINE, DIESEL;125;;;;;;;;;;;;;
360; PERBAK/FASBAT/YEN?LE?T?RME MALZEMELER?;2815-01-692-3626 - 2815016923626;;;ENGINE, DIESEL;125;;;;;;;;;;;;;
361; PERBAK/FASBAT/YEN?LE?T?RME MALZEMELER?;2815-01-693-1875 - 2815016931875;;;ENGINE, DIESEL;125;;;;;;;;;;;;;
362; PERBAK/FASBAT/YEN?LE?T?RME MALZEMELER?;2815-01-693-5664 - 2815016935664;;;ENGINE, DIESEL;125;;;;;;;;;;;;;
363; PERBAK/FASBAT/YEN?LE?T?RME MALZEMELER?;2815-01-694-1888 - 2815016941888;;;ENGINE, DIESEL;125;;;;;;;;;;;;;
364; PERBAK/FASBAT/YEN?LE?T?RME MALZEMELER?;2815-01-694-2274 - 2815016942274;;;ENGINE, DIESEL;125;;;;;;;;;;;;;
365; PERBAK/FASBAT/YEN?LE?T?RME MALZEMELER?;2815-01-694-4446 - 2815016944446;;;ENGINE, DIESEL;125;;;;;;;;;;;;;
366; PERBAK/FASBAT/YEN?LE?T?RME MALZEMELER?;2815-01-694-9650 - 2815016949650;;;ENGINE, DIESEL;125;;;;;;;;;;;;;
367; PERBAK/FASBAT/YEN?LE?T?RME MALZEMELER?;2815-01-695-1935 - 2815016951935;;;ENGINE, DIESEL;125;;;;;;;;;;;;;
368; PERBAK/FASBAT/YEN?LE?T?RME MALZEMELER?;2815-01-695-4331 - 2815016954331;;;ENGINE, DIESEL;125;;;;;;;;;;;;;
369; PERBAK/FASBAT/YEN?LE?T?RME MALZEMELER?;2815-01-695-4602 - 2815016954602;;;ENGINE, DIESEL;125;;;;;;;;;;;;;
370; PERBAK/FASBAT/YEN?LE?T?RME MALZEMELER?;2815-01-696-9809 - 2815016969809;;;ENGINE, DIESEL;125;;;;;;;;;;;;;
371; PERBAK/FASBAT/YEN?LE?T?RME MALZEMELER?;2815-01-697-0934 - 2815016970934;;;ENGINE, DIESEL;125;;;;;;;;;;;;;
372; PERBAK/FASBAT/YEN?LE?T?RME MALZEMELER?;2815-01-697-3917 - 2815016973917;;;ENGINE, DIESEL;125;;;;;;;;;;;;;
373; PERBAK/FASBAT/YEN?LE?T?RME MALZEMELER?;2815-01-698-0075 - 2815016980075;;;ENGINE, DIESEL;125;;;;;;;;;;;;;
374; PERBAK/FASBAT/YEN?LE?T?RME MALZEMELER?;2815-01-698-3009 - 2815016983009;;;ENGINE, DIESEL;125;;;;;;;;;;;;;
375; PERBAK/FASBAT/YEN?LE?T?RME MALZEMELER?;2815-01-698-4724 - 2815016984724;;;ENGINE, DIESEL;125;;;;;;;;;;;;;
376; PERBAK/FASBAT/YEN?LE?T?RME MALZEMELER?;2815-01-699-0418 - 2815016990418;;;ENGINE, DIESEL;125;;;;;;;;;;;;;
377; PERBAK/FASBAT/YEN?LE?T?RME MALZEMELER?;2815-01-699-8491 - 2815016998491;;;ENGINE, DIESEL;125;;;;;;;;;;;;;
378; PERBAK/FASBAT/YEN?LE?T?RME MALZEMELER?;2815-01-700-1855 - 2815017001855;;;ENGINE, DIESEL;125;;;;;;;;;;;;;
379; PERBAK/FASBAT/YEN?LE?T?RME MALZEMELER?;2815-01-700-4253 - 2815017004253;;;ENGINE, DIESEL;125;;;;;;;;;;;;;
380; PERBAK/FASBAT/YEN?LE?T?RME MALZEMELER?;2815-01-701-1858 - 2815017011858;;;ENGINE, DIESEL;125;;;;;;;;;;;;;
381; PERBAK/FASBAT/YEN?LE?T?RME MALZEMELER?;2815-01-702-5686 - 2815017025686;;;ENGINE, DIESEL;125;;;;;;;;;;;;;
382; PERBAK/FASBAT/YEN?LE?T?RME MALZEMELER?;2815-01-702-6648 - 2815017026648;;;ENGINE, DIESEL;125;;;;;;;;;;;;;
383; PERBAK/FASBAT/YEN?LE?T?RME MALZEMELER?;2815-01-702-6661 - 2815017026661;;;ENGINE, DIESEL;125;;;;;;;;;;;;;
384; PERBAK/FASBAT/YEN?LE?T?RME MALZEMELER?;2815-01-705-7394 - 2815017057394;;;ENGINE, DIESEL;125;;;;;;;;;;;;;
385; PERBAK/FASBAT/YEN?LE?T?RME MALZEMELER?;2815-01-706-2941 - 2815017062941;;;ENGINE, DIESEL;125;;;;;;;;;;;;;
386; PERBAK/FASBAT/YEN?LE?T?RME MALZEMELER?;2815-01-707-5541 - 2815017075541;;;ENGINE, DIESEL;125;;;;;;;;;;;;;
387; PERBAK/FASBAT/YEN?LE?T?RME MALZEMELER?;2815-01-707-5659 - 2815017075659;;;ENGINE, DIESEL;125;;;;;;;;;;;;;
388; PERBAK/FASBAT/YEN?LE?T?RME MALZEMELER?;2815-01-708-0323 - 2815017080323;;;ENGINE, DIESEL;125;;;;;;;;;;;;;
389; PERBAK/FASBAT/YEN?LE?T?RME MALZEMELER?;2815-01-708-2428 - 2815017082428;;;ENGINE, DIESEL;125;;;;;;;;;;;;;
390; PERBAK/FASBAT/YEN?LE?T?RME MALZEMELER?;2815-01-708-2786 - 2815017082786;;;ENGINE, DIESEL;125;;;;;;;;;;;;;
391; PERBAK/FASBAT/YEN?LE?T?RME MALZEMELER?;2815-01-710-8381 - 2815017108381;;;ENGINE, DIESEL;125;;;;;;;;;;;;;
392; PERBAK/FASBAT/YEN?LE?T?RME MALZEMELER?;2815-01-712-2859 - 2815017122859;;;ENGINE, DIESEL;125;;;;;;;;;;;;;
393; PERBAK/FASBAT/YEN?LE?T?RME MALZEMELER?;2815-01-712-3078 - 2815017123078;;;ENGINE, DIESEL;125;;;;;;;;;;;;;
394; PERBAK/FASBAT/YEN?LE?T?RME MALZEMELER?;2815-01-712-8755 - 2815017128755;;;ENGINE, DIESEL;125;;;;;;;;;;;;;
395; PERBAK/FASBAT/YEN?LE?T?RME MALZEMELER?;2815-01-714-0935 - 2815017140935;;;ENGINE, DIESEL;125;;;;;;;;;;;;;
396; PERBAK/FASBAT/YEN?LE?T?RME MALZEMELER?;2815-01-714-1109 - 2815017141109;;;ENGINE, DIESEL;125;;;;;;;;;;;;;
397; PERBAK/FASBAT/YEN?LE?T?RME MALZEMELER?;2815-01-714-1256 - 2815017141256;;;ENGINE, DIESEL;125;;;;;;;;;;;;;
398; PERBAK/FASBAT/YEN?LE?T?RME MALZEMELER?;2815-01-714-4199 - 2815017144199;;;ENGINE, DIESEL;125;;;;;;;;;;;;;
399; PERBAK/FASBAT/YEN?LE?T?RME MALZEMELER?;2815-01-715-0237 - 2815017150237;;;ENGINE, DIESEL;125;;;;;;;;;;;;;
400; PERBAK/FASBAT/YEN?LE?T?RME MALZEMELER?;2815-12-166-5740 - 2815121665740;;1;ENGINE, DIESEL;125;;;;;;;;;;;;;
